millisecond;robot number;x;y;phase;colour;is playing
0;0;1243;707;2.7679301201778572;(0, 255, 0);False
1000;0;1242.0;708.0;2.769500916504652;(0, 255, 0);False
2000;0;1241.0;709.0;2.771071712831447;(0, 255, 0);False
3000;0;1240.0;710.0;2.7726425091582416;(0, 255, 0);False
4000;0;1239.0;711.0;2.7742133054850364;(0, 255, 0);False
