millisecond;robot number;x;y;phase;colour;is playing
0;0;78;86;6.027303377956662;(0, 255, 0);False
1000;0;77.0;85.0;6.028874174283457;(0, 255, 0);False
2000;0;76.0;84.0;6.030444970610252;(0, 255, 0);False
3000;0;75.0;83.0;6.032015766937047;(0, 255, 0);False
4000;0;74.0;82.0;6.0335865632638415;(0, 255, 0);False
